metric_name,Filepathname,steps,datasetTrainedOn,scoredAt,notes,csiq PLCC,csiq SRCC,csiq KRCC,live PLCC,live SRCC,live KRCC,tid2008 PLCC,tid2008 SRCC,tid2008 KRCC,tid2013 PLCC,tid2013 SRCC,tid2013 KRCC
cw_ssim,,,none (hand-crafted),,"classic FR, no weights",0.6078,0.7585,0.556,0.6287,0.7856,0.5919,0.5971,0.6475,0.4626,0.5819,0.6534,0.4716
ckdn,~/.cache/torch/hub/pyiqa/CKDN_model_best-38b27dc6.pth,,official weights; paper's own train set,,learned FR (CKDN),0.6258,0.624,0.4365,0.6728,0.6684,0.4826,0.6237,0.5381,0.3813,0.6805,0.5944,0.4272
ssim,,,none (hand-crafted),,"classic FR, no weights",0.765,0.8367,0.6323,0.8253,0.9103,0.7309,0.6003,0.6242,0.4521,0.6558,0.6269,0.455
ms_ssim,,,none (hand-crafted),,"classic FR, no weights",0.7718,0.9131,0.7385,0.7668,0.9508,0.8034,0.7897,0.8542,0.6568,0.7819,0.7859,0.6048
psnr,,,none (hand-crafted),,"pixel-level floor, no weights",0.7857,0.8087,0.5989,0.8435,0.873,0.6801,0.489,0.5245,0.3696,0.6601,0.6869,0.4958
fsim,,,none (hand-crafted),,"classic FR, no weights",0.8207,0.9309,0.7683,0.8598,0.9646,0.8366,0.8341,0.884,0.6991,0.8322,0.8509,0.6665
stlpips,~/.cache/torch/hub/pyiqa/vgg_shift_tolerant.pth,,BAPPS 2AFC (official weights),,shift-tolerant LPIPS; alex variant also cached (alex_shift_tolerant.pth),0.823,0.8952,0.7094,0.813,0.8826,0.6931,0.624,0.6404,0.454,0.7147,0.7365,0.5387
ahiq,~/.cache/torch/hub/pyiqa/AHIQ_vit_p8_epoch33-da3ea303.pth,,likely KADID-10K (per AHIQ paper; not independently verified),,learned FR (AHIQ),0.8374,0.8288,0.6222,0.8368,0.8971,0.7104,0.6215,0.6153,0.4298,0.6796,0.6479,0.462
pieapp,~/.cache/torch/hub/pyiqa/PieAPPv0.1-0937b014.pth,,"PieAPP train set (official weights, paper's own ~40k pairs)",,learned FR (PieAPP),0.838,0.8968,0.7109,0.8577,0.9182,0.7491,0.6443,0.7971,0.6089,0.7195,0.8438,0.6571
lpips,~/.cache/torch/hub/pyiqa/LPIPS_v0.1_alex-df73285e.pth,,BAPPS 2AFC (official weights),,LPIPS alex,0.9005,0.9233,0.7499,0.8436,0.9235,0.7507,0.711,0.7151,0.5221,0.753,0.7445,0.5477
lpips+,~/.cache/torch/hub/pyiqa/LPIPS_v0.1_alex-df73285e.pth,,BAPPS 2AFC (official weights),,"lpips+ = same alex weights, + variant calibration",0.9041,0.9285,0.7576,0.8456,0.9248,0.7546,0.7318,0.7379,0.5424,0.7656,0.7623,0.5639
lpips-vgg,~/.cache/torch/hub/pyiqa/LPIPS_v0.1_vgg-a78928a0.pth,,BAPPS 2AFC (official weights),,LPIPS vgg,0.9043,0.883,0.6968,0.9336,0.9319,0.7646,0.6974,0.6536,0.4822,0.7324,0.6696,0.497
wadiqam_fr,~/.cache/torch/hub/pyiqa/WaDIQaM-kadid-f7541ea5.pth,,KADID-10K (pyiqa-RETRAINED -- the only FR row under their KADID protocol),,"learned FR (WaDIQaM, KADID-trained)",0.9087,0.922,0.7461,0.9163,0.9308,0.7584,0.8221,0.8222,0.6245,0.8424,0.8264,0.628
lpips-vgg+,~/.cache/torch/hub/pyiqa/LPIPS_v0.1_vgg-a78928a0.pth,,BAPPS 2AFC (official weights),,"lpips-vgg+ = same vgg weights, + variant calibration",0.9169,0.894,0.7128,0.9499,0.9503,0.7983,0.7406,0.6869,0.5113,0.7606,0.6913,0.5152
vif,,,none (hand-crafted),,"classic FR, no weights",0.9219,0.9194,0.7532,0.9411,0.9636,0.8282,0.7769,0.7491,0.5861,0.7336,0.677,0.5148
dists,~/.cache/torch/hub/pyiqa/DISTS_weights-f5e65c96.pth,,official weights; paper's own train set,,learned FR (DISTS),0.9324,0.9296,0.7644,0.9115,0.9477,0.7927,0.7032,0.6648,0.4861,0.7538,0.7077,0.5212
topiq_fr,~/.cache/torch/hub/pyiqa/cfanet_fr_kadid_res50-2c4cc61d.pth,,"KADID-10K (official weights, paper's training) -- BEST on all four datasets",,"learned FR (CFANet ResNet50, KADID-trained)",0.9589,0.9674,0.8378,0.9542,0.9759,0.8617,0.9045,0.9226,0.7555,0.9158,0.9165,0.7441
ours_nights-perceptual-544-v1_step001200_emb_native,release\nights-perceptual-544-v1\step001200.pt,1200,NIGHTS 2AFC,2026-10-02T17:46:15,"OUR ckpt (OFT on dinov3_vitb16, scalar readout). Input class=NATIVE resolution (FR-benchmark class; no crop, no resize -- directive 2026-10-02). Scorer: one forward per UNIQUE image (6,454), distances from cached embeddings; equivalence gate spearman=1.000000, max|d|=3.0e-07 (n=44) -> PASS. Protocol: pyiqa-bench meta_info pair lists + labels, uint8 container in VRAM, batch 24; raw Pearson PLCC; LIVE on published dmos_realigned labels. CAVEAT: trained for restoration-quality preference (FGResQ/DiffIQA), not general distortion similarity; DiffIQA is not one of these four datasets, so these numbers are leak-clean.",0.9268,0.9405,0.7800,0.8286,0.9535,0.8027,0.8179,0.8116,0.6193,0.8336,0.8242,0.6279
