"metric_name","Filepathname","steps","datasetTrainedOn","scoredAt","notes","csiq PLCC","csiq SRCC","csiq KRCC","live PLCC","live SRCC","live KRCC","tid2008 PLCC","tid2008 SRCC","tid2008 KRCC","tid2013 PLCC","tid2013 SRCC","tid2013 KRCC"
"cw_ssim","","","none (hand-crafted)","","classic FR, no weights","0.6078","0.7585","0.556","0.6287","0.7856","0.5919","0.5971","0.6475","0.4626","0.5819","0.6534","0.4716"
"ckdn","~/.cache/torch/hub/pyiqa/CKDN_model_best-38b27dc6.pth","","official weights; paper's own train set","","learned FR (CKDN)","0.6258","0.624","0.4365","0.6728","0.6684","0.4826","0.6237","0.5381","0.3813","0.6805","0.5944","0.4272"
"ssim","","","none (hand-crafted)","","classic FR, no weights","0.765","0.8367","0.6323","0.8253","0.9103","0.7309","0.6003","0.6242","0.4521","0.6558","0.6269","0.455"
"ms_ssim","","","none (hand-crafted)","","classic FR, no weights","0.7718","0.9131","0.7385","0.7668","0.9508","0.8034","0.7897","0.8542","0.6568","0.7819","0.7859","0.6048"
"psnr","","","none (hand-crafted)","","pixel-level floor, no weights","0.7857","0.8087","0.5989","0.8435","0.873","0.6801","0.489","0.5245","0.3696","0.6601","0.6869","0.4958"
"fsim","","","none (hand-crafted)","","classic FR, no weights","0.8207","0.9309","0.7683","0.8598","0.9646","0.8366","0.8341","0.884","0.6991","0.8322","0.8509","0.6665"
"stlpips","~/.cache/torch/hub/pyiqa/vgg_shift_tolerant.pth","","BAPPS 2AFC (official weights)","","shift-tolerant LPIPS; alex variant also cached (alex_shift_tolerant.pth)","0.823","0.8952","0.7094","0.813","0.8826","0.6931","0.624","0.6404","0.454","0.7147","0.7365","0.5387"
"ahiq","~/.cache/torch/hub/pyiqa/AHIQ_vit_p8_epoch33-da3ea303.pth","","likely KADID-10K (per AHIQ paper; not independently verified)","","learned FR (AHIQ)","0.8374","0.8288","0.6222","0.8368","0.8971","0.7104","0.6215","0.6153","0.4298","0.6796","0.6479","0.462"
"pieapp","~/.cache/torch/hub/pyiqa/PieAPPv0.1-0937b014.pth","","PieAPP train set (official weights, paper's own ~40k pairs)","","learned FR (PieAPP)","0.838","0.8968","0.7109","0.8577","0.9182","0.7491","0.6443","0.7971","0.6089","0.7195","0.8438","0.6571"
"lpips","~/.cache/torch/hub/pyiqa/LPIPS_v0.1_alex-df73285e.pth","","BAPPS 2AFC (official weights)","","LPIPS alex","0.9005","0.9233","0.7499","0.8436","0.9235","0.7507","0.711","0.7151","0.5221","0.753","0.7445","0.5477"
"lpips+","~/.cache/torch/hub/pyiqa/LPIPS_v0.1_alex-df73285e.pth","","BAPPS 2AFC (official weights)","","lpips+ = same alex weights, + variant calibration","0.9041","0.9285","0.7576","0.8456","0.9248","0.7546","0.7318","0.7379","0.5424","0.7656","0.7623","0.5639"
"lpips-vgg","~/.cache/torch/hub/pyiqa/LPIPS_v0.1_vgg-a78928a0.pth","","BAPPS 2AFC (official weights)","","LPIPS vgg","0.9043","0.883","0.6968","0.9336","0.9319","0.7646","0.6974","0.6536","0.4822","0.7324","0.6696","0.497"
"wadiqam_fr","~/.cache/torch/hub/pyiqa/WaDIQaM-kadid-f7541ea5.pth","","KADID-10K (pyiqa-RETRAINED -- the only FR row under their KADID protocol)","","learned FR (WaDIQaM, KADID-trained)","0.9087","0.922","0.7461","0.9163","0.9308","0.7584","0.8221","0.8222","0.6245","0.8424","0.8264","0.628"
"lpips-vgg+","~/.cache/torch/hub/pyiqa/LPIPS_v0.1_vgg-a78928a0.pth","","BAPPS 2AFC (official weights)","","lpips-vgg+ = same vgg weights, + variant calibration","0.9169","0.894","0.7128","0.9499","0.9503","0.7983","0.7406","0.6869","0.5113","0.7606","0.6913","0.5152"
"vif","","","none (hand-crafted)","","classic FR, no weights","0.9219","0.9194","0.7532","0.9411","0.9636","0.8282","0.7769","0.7491","0.5861","0.7336","0.677","0.5148"
"dists","~/.cache/torch/hub/pyiqa/DISTS_weights-f5e65c96.pth","","official weights; paper's own train set","","learned FR (DISTS)","0.9324","0.9296","0.7644","0.9115","0.9477","0.7927","0.7032","0.6648","0.4861","0.7538","0.7077","0.5212"
"topiq_fr","~/.cache/torch/hub/pyiqa/cfanet_fr_kadid_res50-2c4cc61d.pth","","KADID-10K (official weights, paper's training) -- BEST on all four datasets","","learned FR (CFANet ResNet50, KADID-trained)","0.9589","0.9674","0.8378","0.9542","0.9759","0.8617","0.9045","0.9226","0.7555","0.9158","0.9165","0.7441"
"ours_20261002-181850-rotasim-kadid60-native512x384-blk32-qkv-seed1234_step000150_emb_native","runs\20261002-181850-rotasim-kadid60-native512x384-blk32-qkv-seed1234\ckpt\step000150.pt","150","KADID-10K","2026-10-02T18:29:32","OUR ckpt (OFT on dinov3_vitb16, scalar readout). Input class=NATIVE resolution (FR-benchmark class; no crop, no resize -- directive 2026-10-02). Scorer: one forward per UNIQUE image (6,454), distances from cached embeddings; equivalence gate spearman=1.000000, max|d|=1.3e-06 (n=44) -> PASS. Protocol: pyiqa-bench meta_info pair lists + labels, uint8 container in VRAM, batch 24; PLCC after the 4-parameter logistic fit. CAVEAT: trained for restoration-quality preference (FGResQ/DiffIQA), not general distortion similarity; DiffIQA is not one of these four datasets, so these numbers are leak-clean.","0.7679","0.8104","0.6204","0.6982","0.8448","0.6464","0.7040","0.6918","0.5138","0.6795","0.6574","0.4818"
"ours_oft-confluence-bundle-2026-09-30_step000300_fgresq-incumbent_emb_native","release\oft-confluence-bundle-2026-09-30\step000300_fgresq-incumbent.pt","300","FGResQ(sv2) + BAPPS + DiffIQA","2026-10-02T17:41:04","OUR ckpt (OFT on dinov3_vitb16, scalar readout). Input class=NATIVE resolution (FR-benchmark class; no crop, no resize -- directive 2026-10-02). Scorer: one forward per UNIQUE image (6,454), distances from cached embeddings; equivalence gate spearman=1.000000, max|d|=7.2e-07 (n=44) -> PASS. Protocol: pyiqa-bench meta_info pair lists + labels, uint8 container in VRAM, batch 24; PLCC after the 4-parameter logistic fit. CAVEAT: trained for restoration-quality preference (FGResQ/DiffIQA), not general distortion similarity; DiffIQA is not one of these four datasets, so these numbers are leak-clean.","0.8609","0.8726","0.6697","0.8352","0.8232","0.6265","0.6342","0.6406","0.4557","0.6931","0.6685","0.4802"
"ours_oft-confluence-bundle-2026-09-30_step000550_mix3-confluence_emb_native","release\oft-confluence-bundle-2026-09-30\step000550_mix3-confluence.pt","550","FGResQ(sv2) + BAPPS + DiffIQA","2026-10-02T17:42:50","OUR ckpt (OFT on dinov3_vitb16, scalar readout). Input class=NATIVE resolution (FR-benchmark class; no crop, no resize -- directive 2026-10-02). Scorer: one forward per UNIQUE image (6,454), distances from cached embeddings; equivalence gate spearman=1.000000, max|d|=3.0e-07 (n=44) -> PASS. Protocol: pyiqa-bench meta_info pair lists + labels, uint8 container in VRAM, batch 24; PLCC after the 4-parameter logistic fit. CAVEAT: trained for restoration-quality preference (FGResQ/DiffIQA), not general distortion similarity; DiffIQA is not one of these four datasets, so these numbers are leak-clean.","0.8700","0.8581","0.6616","0.8835","0.8793","0.6952","0.7077","0.6920","0.5057","0.7529","0.7149","0.5270"
"ours_fgresq-di-mixture-288-v1_step000400_emb_native","release\fgresq-di-mixture-288-v1\step000400.pt","400","FGResQ(sv2) + DiffIQA","2026-10-02T17:11:33","OUR ckpt (OFT on dinov3_vitb16, multichannel readout (4, 8, 12)). Input class=NATIVE resolution (FR-benchmark class; no crop, no resize -- directive 2026-10-02). Scorer: one forward per UNIQUE image (6,454), distances from cached embeddings; equivalence gate spearman=1.000000, max|d|=2.7e-07 (n=44) -> PASS. Protocol: pyiqa-bench meta_info pair lists + labels, uint8 container in VRAM, batch 24; PLCC after the 4-parameter logistic fit. CAVEAT: trained for restoration-quality preference (FGResQ/DiffIQA), not general distortion similarity; DiffIQA is not one of these four datasets, so these numbers are leak-clean.","0.8604","0.8611","0.6524","0.8351","0.8199","0.6186","0.6283","0.6226","0.4435","0.6906","0.6477","0.4663"
"ours_fgresq-perceptual-288-multichannel-v1_step000250_emb_native","release\fgresq-perceptual-288-multichannel-v1\step000250.pt","250","FGResQ(sv2)","2026-10-02T17:08:52","OUR ckpt (OFT on dinov3_vitb16, multichannel readout (4, 8, 12)). Input class=NATIVE resolution (FR-benchmark class; no crop, no resize -- directive 2026-10-02). Scorer: one forward per UNIQUE image (6,454), distances from cached embeddings; equivalence gate spearman=1.000000, max|d|=2.5e-07 (n=44) -> PASS. Protocol: pyiqa-bench meta_info pair lists + labels, uint8 container in VRAM, batch 24; PLCC after the 4-parameter logistic fit. CAVEAT: trained for restoration-quality preference (FGResQ/DiffIQA), not general distortion similarity; DiffIQA is not one of these four datasets, so these numbers are leak-clean.","0.8687","0.8692","0.6680","0.8689","0.8490","0.6635","0.6062","0.5943","0.4218","0.6924","0.6482","0.4675"
"ours_fgresq-perceptual-288-v1-minimal_perceptual_metric_emb_native","release\fgresq-perceptual-288-v1-minimal\perceptual_metric.pt","","FGResQ(sv2)","2026-10-02T17:10:13","OUR ckpt (OFT on dinov3_vitb16, scalar readout). Input class=NATIVE resolution (FR-benchmark class; no crop, no resize -- directive 2026-10-02). Scorer: one forward per UNIQUE image (6,454), distances from cached embeddings; equivalence gate spearman=1.000000, max|d|=7.2e-07 (n=44) -> PASS. Protocol: pyiqa-bench meta_info pair lists + labels, uint8 container in VRAM, batch 24; PLCC after the 4-parameter logistic fit. CAVEAT: trained for restoration-quality preference (FGResQ/DiffIQA), not general distortion similarity; DiffIQA is not one of these four datasets, so these numbers are leak-clean.","0.8609","0.8726","0.6697","0.8352","0.8232","0.6265","0.6342","0.6406","0.4557","0.6931","0.6685","0.4802"
"ours_fgresq-perceptual-288-v1_step000300_emb_native","release\fgresq-perceptual-288-v1\step000300.pt","300","FGResQ(sv2)","2026-10-02T17:07:31","OUR ckpt (OFT on dinov3_vitb16, scalar readout). Input class=NATIVE resolution (FR-benchmark class; no crop, no resize -- directive 2026-10-02). Scorer: one forward per UNIQUE image (6,454), distances from cached embeddings; equivalence gate spearman=1.000000, max|d|=7.2e-07 (n=44) -> PASS. Protocol: pyiqa-bench meta_info pair lists + labels, uint8 container in VRAM, batch 24; PLCC after the 4-parameter logistic fit. CAVEAT: trained for restoration-quality preference (FGResQ/DiffIQA), not general distortion similarity; DiffIQA is not one of these four datasets, so these numbers are leak-clean.","0.8609","0.8726","0.6697","0.8352","0.8232","0.6265","0.6342","0.6406","0.4557","0.6931","0.6685","0.4802"
"ours_oft-ckpt-bundle-2026-10-01-night_step000300_incumbent300_emb_native","release\oft-ckpt-bundle-2026-10-01-night\step000300_incumbent300.pt","300","FGResQ(sv2) + DiffIQA","2026-10-02T17:33:55","OUR ckpt (OFT on dinov3_vitb16, scalar readout). Input class=NATIVE resolution (FR-benchmark class; no crop, no resize -- directive 2026-10-02). Scorer: one forward per UNIQUE image (6,454), distances from cached embeddings; equivalence gate spearman=1.000000, max|d|=7.2e-07 (n=44) -> PASS. Protocol: pyiqa-bench meta_info pair lists + labels, uint8 container in VRAM, batch 24; PLCC after the 4-parameter logistic fit. CAVEAT: trained for restoration-quality preference (FGResQ/DiffIQA), not general distortion similarity; DiffIQA is not one of these four datasets, so these numbers are leak-clean.","0.8609","0.8726","0.6697","0.8352","0.8232","0.6265","0.6342","0.6406","0.4557","0.6931","0.6685","0.4802"
"ours_oft-ckpt-bundle-2026-10-01-night_step000400_mc3warm400_emb_native","release\oft-ckpt-bundle-2026-10-01-night\step000400_mc3warm400.pt","400","FGResQ(sv2) + DiffIQA","2026-10-02T17:36:28","OUR ckpt (OFT on dinov3_vitb16, multichannel readout (4, 8, 12)). Input class=NATIVE resolution (FR-benchmark class; no crop, no resize -- directive 2026-10-02). Scorer: one forward per UNIQUE image (6,454), distances from cached embeddings; equivalence gate spearman=1.000000, max|d|=2.7e-07 (n=44) -> PASS. Protocol: pyiqa-bench meta_info pair lists + labels, uint8 container in VRAM, batch 24; PLCC after the 4-parameter logistic fit. CAVEAT: trained for restoration-quality preference (FGResQ/DiffIQA), not general distortion similarity; DiffIQA is not one of these four datasets, so these numbers are leak-clean.","0.8604","0.8611","0.6524","0.8351","0.8199","0.6186","0.6283","0.6226","0.4435","0.6906","0.6477","0.4663"
"ours_nights-perceptual-544-v1_step001200_emb_native","release\nights-perceptual-544-v1\step001200.pt","1200","NIGHTS 2AFC","2026-10-02T17:46:15","OUR ckpt (OFT on dinov3_vitb16, scalar readout). Input class=NATIVE resolution (FR-benchmark class; no crop, no resize -- directive 2026-10-02). Scorer: one forward per UNIQUE image (6,454), distances from cached embeddings; equivalence gate spearman=1.000000, max|d|=3.0e-07 (n=44) -> PASS. Protocol: pyiqa-bench meta_info pair lists + labels, uint8 container in VRAM, batch 24; PLCC after the 4-parameter logistic fit. CAVEAT: trained for restoration-quality preference (FGResQ/DiffIQA), not general distortion similarity; DiffIQA is not one of these four datasets, so these numbers are leak-clean.","0.9268","0.9405","0.7800","0.9110","0.9201","0.7465","0.8179","0.8116","0.6193","0.8336","0.8242","0.6279"
"ours_oft-optimstack-s1050-2026-09-30_step001050_mix3-optimstack-lr2x_emb_native","release\oft-optimstack-s1050-2026-09-30\step001050_mix3-optimstack-lr2x.pt","1050","FGResQ(sv2) + BAPPS + DiffIQA","2026-10-02T17:44:42","OUR ckpt (OFT on dinov3_vitb16, scalar readout). Input class=NATIVE resolution (FR-benchmark class; no crop, no resize -- directive 2026-10-02). Scorer: one forward per UNIQUE image (6,454), distances from cached embeddings; equivalence gate spearman=1.000000, max|d|=2.3e-06 (n=44) -> PASS. Protocol: pyiqa-bench meta_info pair lists + labels, uint8 container in VRAM, batch 24; PLCC after the 4-parameter logistic fit. CAVEAT: trained for restoration-quality preference (FGResQ/DiffIQA), not general distortion similarity; DiffIQA is not one of these four datasets, so these numbers are leak-clean.","0.8618","0.8225","0.6215","0.8863","0.8943","0.7062","0.7101","0.6585","0.4811","0.7401","0.6672","0.4892"
"ours_oft-ckpt-bundle-r5r3-2026-10-01_step000400_mix2-r5-fgdi_emb_native","release\oft-ckpt-bundle-r5r3-2026-10-01\step000400_mix2-r5-fgdi.pt","400","FGResQ(sv2) + DiffIQA","2026-10-02T17:39:43","OUR ckpt (OFT on dinov3_vitb16, scalar readout). Input class=NATIVE resolution (FR-benchmark class; no crop, no resize -- directive 2026-10-02). Scorer: one forward per UNIQUE image (6,454), distances from cached embeddings; equivalence gate spearman=1.000000, max|d|=4.8e-07 (n=44) -> PASS. Protocol: pyiqa-bench meta_info pair lists + labels, uint8 container in VRAM, batch 24; PLCC after the 4-parameter logistic fit. CAVEAT: trained for restoration-quality preference (FGResQ/DiffIQA), not general distortion similarity; DiffIQA is not one of these four datasets, so these numbers are leak-clean.","0.8399","0.7671","0.5792","0.8295","0.8196","0.6207","0.7398","0.6685","0.4935","0.7274","0.6334","0.4621"
"ours_oft-ckpt-bundle-r5r3-2026-10-01_step000382_mix3-r3_emb_native","release\oft-ckpt-bundle-r5r3-2026-10-01\step000382_mix3-r3.pt","382","FGResQ(sv2) + BAPPS + DiffIQA","2026-10-02T17:37:45","OUR ckpt (OFT on dinov3_vitb16, scalar readout). Input class=NATIVE resolution (FR-benchmark class; no crop, no resize -- directive 2026-10-02). Scorer: one forward per UNIQUE image (6,454), distances from cached embeddings; equivalence gate spearman=1.000000, max|d|=1.1e-06 (n=44) -> PASS. Protocol: pyiqa-bench meta_info pair lists + labels, uint8 container in VRAM, batch 24; PLCC after the 4-parameter logistic fit. CAVEAT: trained for restoration-quality preference (FGResQ/DiffIQA), not general distortion similarity; DiffIQA is not one of these four datasets, so these numbers are leak-clean.","0.8418","0.7744","0.5861","0.8285","0.8183","0.6203","0.7393","0.6716","0.4965","0.7233","0.6315","0.4601"
"ours_fgresq-di-mixture-288-v1_step000400_own288","release\fgresq-di-mixture-288-v1\step000400.pt","400","FGResQ(sv2) + DiffIQA","2026-10-02T16:27:38","OUR ckpt. Input class=own288 (its own trained square class, per-pair scoring path) -- extra input-class row; the native-class grade of the same ckpt is the emb_native row. Protocol: pyiqa-bench meta_info pair lists + labels, uint8 container in VRAM, batch 24; PLCC after the 4-parameter logistic fit. Restoration-quality-preference metric; leak-clean on these four datasets.","0.7738","0.7873","0.5758","0.6727","0.6673","0.4740","0.3833","0.3730","0.2516","0.5268","0.5211","0.3582"
"ours_fgresq-perceptual-288-multichannel-v1_step000250_own288","release\fgresq-perceptual-288-multichannel-v1\step000250.pt","250","FGResQ(sv2)","2026-10-02T16:17:31","OUR ckpt. Input class=own288 (its own trained square class, per-pair scoring path) -- extra input-class row; the native-class grade of the same ckpt is the emb_native row. Protocol: pyiqa-bench meta_info pair lists + labels, uint8 container in VRAM, batch 24; PLCC after the 4-parameter logistic fit. Restoration-quality-preference metric; leak-clean on these four datasets.","0.7510","0.7611","0.5516","0.6645","0.6577","0.4647","0.3692","0.3609","0.2440","0.5049","0.4997","0.3434"
"ours_fgresq-perceptual-288-v1-minimal_perceptual_metric_own288","release\fgresq-perceptual-288-v1-minimal\perceptual_metric.pt","","FGResQ(sv2)","2026-10-02T16:22:19","OUR ckpt. Input class=own288 (its own trained square class, per-pair scoring path) -- extra input-class row; the native-class grade of the same ckpt is the emb_native row. Protocol: pyiqa-bench meta_info pair lists + labels, uint8 container in VRAM, batch 24; PLCC after the 4-parameter logistic fit. Restoration-quality-preference metric; leak-clean on these four datasets.","0.7803","0.7956","0.5870","0.6876","0.6835","0.4853","0.4105","0.4025","0.2717","0.5536","0.5516","0.3806"
"ours_fgresq-perceptual-288-v1_step000300_own288","release\fgresq-perceptual-288-v1\step000300.pt","300","FGResQ(sv2)","2026-10-02T16:12:49","OUR ckpt. Input class=own288 (its own trained square class, per-pair scoring path) -- extra input-class row; the native-class grade of the same ckpt is the emb_native row. Protocol: pyiqa-bench meta_info pair lists + labels, uint8 container in VRAM, batch 24; PLCC after the 4-parameter logistic fit. Restoration-quality-preference metric; leak-clean on these four datasets.","0.7803","0.7956","0.5870","0.6876","0.6835","0.4853","0.4105","0.4025","0.2717","0.5536","0.5516","0.3806"
"ours_nights-perceptual-224-3tower-v1_step001200_own224","release\nights-perceptual-224-3tower-v1\step001200.pt","1200","NIGHTS 2AFC","2026-10-02T17:51:23","OUR ckpt. Input class=own224 (its own trained square class, per-pair scoring path) -- extra input-class row; the native-class grade of the same ckpt is the emb_native row. Protocol: pyiqa-bench meta_info pair lists + labels, uint8 container in VRAM, batch 24; PLCC after the 4-parameter logistic fit. Restoration-quality-preference metric; leak-clean on these four datasets.","0.7177","0.7418","0.5342","0.6428","0.6443","0.4551","0.4078","0.3717","0.2529","0.5501","0.5257","0.3664"
"ours_oft-ckpt-bundle-2026-10-01-night_step000300_incumbent300_own288","release\oft-ckpt-bundle-2026-10-01-night\step000300_incumbent300.pt","300","FGResQ(sv2) + DiffIQA","2026-10-02T16:32:30","OUR ckpt. Input class=own288 (its own trained square class, per-pair scoring path) -- extra input-class row; the native-class grade of the same ckpt is the emb_native row. Protocol: pyiqa-bench meta_info pair lists + labels, uint8 container in VRAM, batch 24; PLCC after the 4-parameter logistic fit. Restoration-quality-preference metric; leak-clean on these four datasets.","0.7803","0.7956","0.5870","0.6876","0.6835","0.4853","0.4105","0.4025","0.2717","0.5536","0.5516","0.3806"
"ours_20261002-180403-rotasim-kadid60-native512x384-blk16-qkvoupdown-seed1234_step000150_emb_native","runs\20261002-180403-rotasim-kadid60-native512x384-blk16-qkvoupdown-seed1234\ckpt\step000150.pt","150","KADID-10K","2026-10-02T18:18:17","OUR ckpt (OFT on dinov3_vitb16, scalar readout). Input class=NATIVE resolution (FR-benchmark class; no crop, no resize -- directive 2026-10-02). Scorer: one forward per UNIQUE image (6,454), distances from cached embeddings; equivalence gate spearman=1.000000, max|d|=n/a (n=44) -> PASS. Protocol: pyiqa-bench meta_info pair lists + labels, uint8 container in VRAM, batch 24; PLCC after the 4-parameter logistic fit. CAVEAT: trained for restoration-quality preference (FGResQ/DiffIQA), not general distortion similarity; DiffIQA is not one of these four datasets, so these numbers are leak-clean.","0.7800","0.7924","0.6039","0.7172","0.8304","0.6312","0.7130","0.6718","0.4972","0.6911","0.6408","0.4694"
"ours_20261002-184717-rotasim-kadid60-native512x384-blk16-qkv-seed1234_step000150_emb_native","runs\20261002-184717-rotasim-kadid60-native512x384-blk16-qkv-seed1234\ckpt\step000150.pt","150","KADID-10K","2026-10-02T18:56:52","OUR ckpt (OFT on dinov3_vitb16, scalar readout). Input class=NATIVE resolution (FR-benchmark class; no crop, no resize -- directive 2026-10-02). Scorer: one forward per UNIQUE image (6,454), distances from cached embeddings; equivalence gate spearman=1.000000, max|d|=3.6e-06 (n=44) -> PASS. Protocol: pyiqa-bench meta_info pair lists + labels, uint8 container in VRAM, batch 24; PLCC after the 4-parameter logistic fit. CAVEAT: trained for restoration-quality preference (FGResQ/DiffIQA), not general distortion similarity; DiffIQA is not one of these four datasets, so these numbers are leak-clean.","0.7630","0.7946","0.6058","0.6932","0.8406","0.6427","0.7023","0.6868","0.5097","0.6764","0.6538","0.4794"
"ours_20261002-185919-rotasim-kadid60-native512x384-blk32-qkv-mc4-8-12-seed1234_step000150_emb_native","runs\20261002-185919-rotasim-kadid60-native512x384-blk32-qkv-mc4-8-12-seed1234\ckpt\step000150.pt","150","KADID-10K","2026-10-02T19:09:01","OUR ckpt (OFT on dinov3_vitb16, multichannel readout (4, 8, 12)). Input class=NATIVE resolution (FR-benchmark class; no crop, no resize -- directive 2026-10-02). Scorer: one forward per UNIQUE image (6,454), distances from cached embeddings; equivalence gate spearman=1.000000, max|d|=5.4e-07 (n=44) -> PASS. Protocol: pyiqa-bench meta_info pair lists + labels, uint8 container in VRAM, batch 24; PLCC after the 4-parameter logistic fit. CAVEAT: trained for restoration-quality preference (FGResQ/DiffIQA), not general distortion similarity; DiffIQA is not one of these four datasets, so these numbers are leak-clean.","0.8026","0.7999","0.6103","0.7213","0.8370","0.6394","0.7117","0.6366","0.4674","0.7035","0.6234","0.4559"
"ours_20261002-190956-rotasim-kadid60-native512x384-blk64-qkv-seed1234_step000150_emb_native","runs\20261002-190956-rotasim-kadid60-native512x384-blk64-qkv-seed1234\ckpt\step000150.pt","150","KADID-10K","2026-10-02T19:19:57","OUR ckpt (OFT on dinov3_vitb16, scalar readout). Input class=NATIVE resolution (FR-benchmark class; no crop, no resize -- directive 2026-10-02). Scorer: one forward per UNIQUE image (6,454), distances from cached embeddings; equivalence gate spearman=1.000000, max|d|=1.0e-06 (n=44) -> PASS. Protocol: pyiqa-bench meta_info pair lists + labels, uint8 container in VRAM, batch 24; PLCC after the 4-parameter logistic fit. CAVEAT: trained for restoration-quality preference (FGResQ/DiffIQA), not general distortion similarity; DiffIQA is not one of these four datasets, so these numbers are leak-clean.","0.7689","0.8067","0.6167","0.6995","0.8423","0.6438","0.7050","0.6901","0.5124","0.6811","0.6557","0.4805"
"ours_20261002-195730-rotasim-mix666-blk32-qkv-seed1234_step000150_emb_native","runs\20261002-195730-rotasim-mix666-blk32-qkv-seed1234\ckpt\step000150.pt","150","FGResQ(sv2)","2026-10-02T20:23:11","OUR ckpt (OFT on dinov3_vitb16, scalar readout). Input class=NATIVE resolution (FR-benchmark class; no crop, no resize -- directive 2026-10-02). Scorer: one forward per UNIQUE image (6,454), distances from cached embeddings; equivalence gate spearman=1.000000, max|d|=5.4e-07 (n=44) -> PASS. Protocol: pyiqa-bench meta_info pair lists + labels, uint8 container in VRAM, batch 24; PLCC after the 4-parameter logistic fit. CAVEAT: trained for restoration-quality preference (FGResQ/DiffIQA), not general distortion similarity; DiffIQA is not one of these four datasets, so these numbers are leak-clean.","0.7507","0.7626","0.5766","0.6784","0.8306","0.6324","0.6920","0.6749","0.4994","0.6663","0.6432","0.4704"
"ours_20261002-202332-rotasim-mix444-blk32-qkv-seed1234_step000150_emb_native","runs\20261002-202332-rotasim-mix444-blk32-qkv-seed1234\ckpt\step000150.pt","150","FGResQ(sv2)","2026-10-02T20:42:06","OUR ckpt (OFT on dinov3_vitb16, scalar readout). Input class=NATIVE resolution (FR-benchmark class; no crop, no resize -- directive 2026-10-02). Scorer: one forward per UNIQUE image (6,454), distances from cached embeddings; equivalence gate spearman=1.000000, max|d|=2.4e-07 (n=44) -> PASS. Protocol: pyiqa-bench meta_info pair lists + labels, uint8 container in VRAM, batch 24; PLCC after the 4-parameter logistic fit. CAVEAT: trained for restoration-quality preference (FGResQ/DiffIQA), not general distortion similarity; DiffIQA is not one of these four datasets, so these numbers are leak-clean.","0.7481","0.7666","0.5788","0.6785","0.8300","0.6312","0.6890","0.6684","0.4936","0.6659","0.6375","0.4656"
"ours_20261002-204233-rotasim-mix606030-blk32-qkv-seed1234_step000150_emb_native","runs\20261002-204233-rotasim-mix606030-blk32-qkv-seed1234\ckpt\step000150.pt","150","FGResQ(sv2)","2026-10-02T21:04:49","OUR ckpt (OFT on dinov3_vitb16, scalar readout). Input class=NATIVE resolution (FR-benchmark class; no crop, no resize -- directive 2026-10-02). Scorer: one forward per UNIQUE image (6,454), distances from cached embeddings; equivalence gate spearman=1.000000, max|d|=4.8e-07 (n=44) -> PASS. Protocol: pyiqa-bench meta_info pair lists + labels, uint8 container in VRAM, batch 24; PLCC after the 4-parameter logistic fit. CAVEAT: trained for restoration-quality preference (FGResQ/DiffIQA), not general distortion similarity; DiffIQA is not one of these four datasets, so these numbers are leak-clean.","0.7492","0.7631","0.5768","0.6776","0.8296","0.6314","0.6903","0.6728","0.4976","0.6652","0.6410","0.4686"
"ours_20261002-210522-rotasim-mix6060noK-blk32-qkv-seed1234_step000150_emb_native","runs\20261002-210522-rotasim-mix6060noK-blk32-qkv-seed1234\ckpt\step000150.pt","150","FGResQ(sv2)","2026-10-02T21:22:21","OUR ckpt (OFT on dinov3_vitb16, scalar readout). Input class=NATIVE resolution (FR-benchmark class; no crop, no resize -- directive 2026-10-02). Scorer: one forward per UNIQUE image (6,454), distances from cached embeddings; equivalence gate spearman=1.000000, max|d|=1.3e-06 (n=44) -> PASS. Protocol: pyiqa-bench meta_info pair lists + labels, uint8 container in VRAM, batch 24; PLCC after the 4-parameter logistic fit. CAVEAT: trained for restoration-quality preference (FGResQ/DiffIQA), not general distortion similarity; DiffIQA is not one of these four datasets, so these numbers are leak-clean.","0.7477","0.7664","0.5788","0.6773","0.8290","0.6305","0.6885","0.6697","0.4948","0.6647","0.6385","0.4664"
"ours_20261002-212240-rotasim-kadid60-native512x384-blk32-qkv-seed1235_step000150_emb_native","runs\20261002-212240-rotasim-kadid60-native512x384-blk32-qkv-seed1235\ckpt\step000150.pt","150","KADID-10K","2026-10-02T21:32:33","OUR ckpt (OFT on dinov3_vitb16, scalar readout). Input class=NATIVE resolution (FR-benchmark class; no crop, no resize -- directive 2026-10-02). Scorer: one forward per UNIQUE image (6,454), distances from cached embeddings; equivalence gate spearman=1.000000, max|d|=4.0e-06 (n=44) -> PASS. Protocol: pyiqa-bench meta_info pair lists + labels, uint8 container in VRAM, batch 24; PLCC after the 4-parameter logistic fit. CAVEAT: trained for restoration-quality preference (FGResQ/DiffIQA), not general distortion similarity; DiffIQA is not one of these four datasets, so these numbers are leak-clean.","0.7647","0.7931","0.6045","0.6952","0.8400","0.6417","0.7036","0.6849","0.5083","0.6782","0.6517","0.4777"
"ours_20261002-213245-rotasim-kadid60-native512x384-blk32-qkv-seed1236_step000150_emb_native","runs\20261002-213245-rotasim-kadid60-native512x384-blk32-qkv-seed1236\ckpt\step000150.pt","150","KADID-10K","2026-10-02T21:42:30","OUR ckpt (OFT on dinov3_vitb16, scalar readout). Input class=NATIVE resolution (FR-benchmark class; no crop, no resize -- directive 2026-10-02). Scorer: one forward per UNIQUE image (6,454), distances from cached embeddings; equivalence gate spearman=1.000000, max|d|=1.9e-06 (n=44) -> PASS. Protocol: pyiqa-bench meta_info pair lists + labels, uint8 container in VRAM, batch 24; PLCC after the 4-parameter logistic fit. CAVEAT: trained for restoration-quality preference (FGResQ/DiffIQA), not general distortion similarity; DiffIQA is not one of these four datasets, so these numbers are leak-clean.","0.7658","0.8021","0.6122","0.6970","0.8425","0.6444","0.7063","0.6908","0.5129","0.6802","0.6562","0.4810"
"ours_fused_fuse2_theta_emb_native","scratch\sophie\stats\bench_champs\fused\fuse2_theta.pt","","FGResQ(sv2)","2026-10-02T21:44:03","OUR ckpt (OFT on dinov3_vitb16, scalar readout). Input class=NATIVE resolution (FR-benchmark class; no crop, no resize -- directive 2026-10-02). Scorer: one forward per UNIQUE image (6,454), distances from cached embeddings; equivalence gate spearman=1.000000, max|d|=1.7e-06 (n=44) -> PASS. Protocol: pyiqa-bench meta_info pair lists + labels, uint8 container in VRAM, batch 24; PLCC after the 4-parameter logistic fit. CAVEAT: trained for restoration-quality preference (FGResQ/DiffIQA), not general distortion similarity; DiffIQA is not one of these four datasets, so these numbers are leak-clean.","0.7658","0.8019","0.6123","0.6968","0.8425","0.6441","0.7054","0.6880","0.5107","0.6796","0.6544","0.4796"
"ours_fused_fuse2_projR_emb_native","scratch\sophie\stats\bench_champs\fused\fuse2_projR.pt","","FGResQ(sv2)","2026-10-02T21:45:36","OUR ckpt (OFT on dinov3_vitb16, scalar readout). Input class=NATIVE resolution (FR-benchmark class; no crop, no resize -- directive 2026-10-02). Scorer: one forward per UNIQUE image (6,454), distances from cached embeddings; equivalence gate spearman=1.000000, max|d|=1.4e-06 (n=44) -> PASS. Protocol: pyiqa-bench meta_info pair lists + labels, uint8 container in VRAM, batch 24; PLCC after the 4-parameter logistic fit. CAVEAT: trained for restoration-quality preference (FGResQ/DiffIQA), not general distortion similarity; DiffIQA is not one of these four datasets, so these numbers are leak-clean.","0.7658","0.8019","0.6123","0.6968","0.8425","0.6441","0.7054","0.6880","0.5107","0.6796","0.6544","0.4796"
"ours_fused_fuse2_slerp_emb_native","scratch\sophie\stats\bench_champs\fused\fuse2_slerp.pt","","FGResQ(sv2)","2026-10-02T21:46:58","OUR ckpt (OFT on dinov3_vitb16, scalar readout). Input class=NATIVE resolution (FR-benchmark class; no crop, no resize -- directive 2026-10-02). Scorer: one forward per UNIQUE image (6,454), distances from cached embeddings; equivalence gate spearman=1.000000, max|d|=1.8e-06 (n=44) -> PASS. Protocol: pyiqa-bench meta_info pair lists + labels, uint8 container in VRAM, batch 24; PLCC after the 4-parameter logistic fit. CAVEAT: trained for restoration-quality preference (FGResQ/DiffIQA), not general distortion similarity; DiffIQA is not one of these four datasets, so these numbers are leak-clean.","0.7658","0.8019","0.6123","0.6968","0.8425","0.6441","0.7054","0.6880","0.5107","0.6796","0.6544","0.4796"
"ours_fused_fuse3_projR_emb_native","scratch\sophie\stats\bench_champs\fused\fuse3_projR.pt","","FGResQ(sv2)","2026-10-02T21:49:45","OUR ckpt (OFT on dinov3_vitb16, scalar readout). Input class=NATIVE resolution (FR-benchmark class; no crop, no resize -- directive 2026-10-02). Scorer: one forward per UNIQUE image (6,454), distances from cached embeddings; equivalence gate spearman=1.000000, max|d|=1.4e-06 (n=44) -> PASS. Protocol: pyiqa-bench meta_info pair lists + labels, uint8 container in VRAM, batch 24; PLCC after the 4-parameter logistic fit. CAVEAT: trained for restoration-quality preference (FGResQ/DiffIQA), not general distortion similarity; DiffIQA is not one of these four datasets, so these numbers are leak-clean.","0.7658","0.8019","0.6122","0.6969","0.8426","0.6443","0.7057","0.6889","0.5114","0.6798","0.6550","0.4801"
"ours_fused_fuse3_slerp_emb_native","scratch\sophie\stats\bench_champs\fused\fuse3_slerp.pt","","FGResQ(sv2)","2026-10-02T21:51:08","OUR ckpt (OFT on dinov3_vitb16, scalar readout). Input class=NATIVE resolution (FR-benchmark class; no crop, no resize -- directive 2026-10-02). Scorer: one forward per UNIQUE image (6,454), distances from cached embeddings; equivalence gate spearman=1.000000, max|d|=3.3e-06 (n=44) -> PASS. Protocol: pyiqa-bench meta_info pair lists + labels, uint8 container in VRAM, batch 24; PLCC after the 4-parameter logistic fit. CAVEAT: trained for restoration-quality preference (FGResQ/DiffIQA), not general distortion similarity; DiffIQA is not one of these four datasets, so these numbers are leak-clean.","0.7658","0.8019","0.6122","0.6970","0.8426","0.6444","0.7059","0.6894","0.5118","0.6799","0.6553","0.4803"
"ours_fused_fuse3_theta_emb_native","scratch\sophie\stats\bench_champs\fused\fuse3_theta.pt","","FGResQ(sv2)","2026-10-02T21:48:22","OUR ckpt (OFT on dinov3_vitb16, scalar readout). Input class=NATIVE resolution (FR-benchmark class; no crop, no resize -- directive 2026-10-02). Scorer: one forward per UNIQUE image (6,454), distances from cached embeddings; equivalence gate spearman=1.000000, max|d|=1.1e-06 (n=44) -> PASS. Protocol: pyiqa-bench meta_info pair lists + labels, uint8 container in VRAM, batch 24; PLCC after the 4-parameter logistic fit. CAVEAT: trained for restoration-quality preference (FGResQ/DiffIQA), not general distortion similarity; DiffIQA is not one of these four datasets, so these numbers are leak-clean.","0.7658","0.8019","0.6122","0.6969","0.8426","0.6443","0.7057","0.6889","0.5114","0.6798","0.6550","0.4801"
"ours_fused_nK2575_theta_emb_native","scratch\sophie\stats\bench_champs\fused\nK2575_theta.pt","","FGResQ(sv2)","2026-10-02T23:04:29","OUR ckpt (OFT on dinov3_vitb16, scalar readout). Input class=NATIVE resolution (FR-benchmark class; no crop, no resize -- directive 2026-10-02). Scorer: one forward per UNIQUE image (6,454), distances from cached embeddings; equivalence gate spearman=1.000000, max|d|=5.4e-07 (n=44) -> PASS. Protocol: pyiqa-bench meta_info pair lists + labels, uint8 container in VRAM, batch 24; PLCC after the 4-parameter logistic fit. CAVEAT: trained for restoration-quality preference (FGResQ/DiffIQA), not general distortion similarity; DiffIQA is not one of these four datasets, so these numbers are leak-clean.","0.7976","0.8829","0.7004","0.7152","0.8957","0.7051","0.7117","0.7303","0.5456","0.6872","0.7134","0.5283"
"ours_fused_nK5050_theta_emb_native","scratch\sophie\stats\bench_champs\fused\nK5050_theta.pt","","FGResQ(sv2)","2026-10-02T23:01:43","OUR ckpt (OFT on dinov3_vitb16, scalar readout). Input class=NATIVE resolution (FR-benchmark class; no crop, no resize -- directive 2026-10-02). Scorer: one forward per UNIQUE image (6,454), distances from cached embeddings; equivalence gate spearman=1.000000, max|d|=4.8e-07 (n=44) -> PASS. Protocol: pyiqa-bench meta_info pair lists + labels, uint8 container in VRAM, batch 24; PLCC after the 4-parameter logistic fit. CAVEAT: trained for restoration-quality preference (FGResQ/DiffIQA), not general distortion similarity; DiffIQA is not one of these four datasets, so these numbers are leak-clean.","0.8261","0.9387","0.7834","0.7371","0.9180","0.7403","0.7446","0.7858","0.5953","0.7253","0.7855","0.5912"
"ours_fused_nK7525_theta_emb_native","scratch\sophie\stats\bench_champs\fused\nK7525_theta.pt","","FGResQ(sv2)","2026-10-02T23:03:06","OUR ckpt (OFT on dinov3_vitb16, scalar readout). Input class=NATIVE resolution (FR-benchmark class; no crop, no resize -- directive 2026-10-02). Scorer: one forward per UNIQUE image (6,454), distances from cached embeddings; equivalence gate spearman=1.000000, max|d|=1.8e-06 (n=44) -> PASS. Protocol: pyiqa-bench meta_info pair lists + labels, uint8 container in VRAM, batch 24; PLCC after the 4-parameter logistic fit. CAVEAT: trained for restoration-quality preference (FGResQ/DiffIQA), not general distortion similarity; DiffIQA is not one of these four datasets, so these numbers are leak-clean.","0.8491","0.9474","0.7941","0.7478","0.9148","0.7360","0.7621","0.7886","0.5981","0.7475","0.7939","0.6005"
"ours_fused_nK8515_theta_emb_native","scratch\sophie\stats\bench_champs\fused\nK8515_theta.pt","","FGResQ(sv2)","2026-10-02T23:07:50","OUR ckpt (OFT on dinov3_vitb16, scalar readout). Input class=NATIVE resolution (FR-benchmark class; no crop, no resize -- directive 2026-10-02). Scorer: one forward per UNIQUE image (6,454), distances from cached embeddings; equivalence gate spearman=1.000000, max|d|=3.6e-07 (n=44) -> PASS. Protocol: pyiqa-bench meta_info pair lists + labels, uint8 container in VRAM, batch 24; PLCC after the 4-parameter logistic fit. CAVEAT: trained for restoration-quality preference (FGResQ/DiffIQA), not general distortion similarity; DiffIQA is not one of these four datasets, so these numbers are leak-clean.","0.8447","0.9460","0.7904","0.7521","0.9198","0.7447","0.7693","0.7945","0.6055","0.7548","0.7983","0.6054"
"ours_fused_nK9010_theta_emb_native","scratch\sophie\stats\bench_champs\fused\nK9010_theta.pt","","FGResQ(sv2)","2026-10-02T23:09:13","OUR ckpt (OFT on dinov3_vitb16, scalar readout). Input class=NATIVE resolution (FR-benchmark class; no crop, no resize -- directive 2026-10-02). Scorer: one forward per UNIQUE image (6,454), distances from cached embeddings; equivalence gate spearman=1.000000, max|d|=3.0e-07 (n=44) -> PASS. Protocol: pyiqa-bench meta_info pair lists + labels, uint8 container in VRAM, batch 24; PLCC after the 4-parameter logistic fit. CAVEAT: trained for restoration-quality preference (FGResQ/DiffIQA), not general distortion similarity; DiffIQA is not one of these four datasets, so these numbers are leak-clean.","0.8414","0.9453","0.7891","0.7528","0.9208","0.7470","0.7731","0.8088","0.6169","0.7614","0.8164","0.6205"
"ours_fused_nK_slerp_emb_native","scratch\sophie\stats\bench_champs\fused\nK_slerp.pt","","FGResQ(sv2)","2026-10-02T23:05:47","OUR ckpt (OFT on dinov3_vitb16, scalar readout). Input class=NATIVE resolution (FR-benchmark class; no crop, no resize -- directive 2026-10-02). Scorer: one forward per UNIQUE image (6,454), distances from cached embeddings; equivalence gate spearman=1.000000, max|d|=6.6e-07 (n=44) -> PASS. Protocol: pyiqa-bench meta_info pair lists + labels, uint8 container in VRAM, batch 24; PLCC after the 4-parameter logistic fit. CAVEAT: trained for restoration-quality preference (FGResQ/DiffIQA), not general distortion similarity; DiffIQA is not one of these four datasets, so these numbers are leak-clean.","0.7816","0.8318","0.6449","0.7026","0.8704","0.6736","0.7067","0.7014","0.5226","0.6824","0.6817","0.5027"
"ours_fused_nKKKK_theta_emb_native","scratch\sophie\stats\bench_champs\fused\nKKKK_theta.pt","","FGResQ(sv2)","2026-10-02T23:10:40","OUR ckpt (OFT on dinov3_vitb16, scalar readout). Input class=NATIVE resolution (FR-benchmark class; no crop, no resize -- directive 2026-10-02). Scorer: one forward per UNIQUE image (6,454), distances from cached embeddings; equivalence gate spearman=1.000000, max|d|=6.6e-06 (n=44) -> PASS. Protocol: pyiqa-bench meta_info pair lists + labels, uint8 container in VRAM, batch 24; PLCC after the 4-parameter logistic fit. CAVEAT: trained for restoration-quality preference (FGResQ/DiffIQA), not general distortion similarity; DiffIQA is not one of these four datasets, so these numbers are leak-clean.","0.8195","0.9323","0.7714","0.7378","0.9035","0.7228","0.6024","0.7424","0.5552","0.6281","0.7476","0.5555"
"ours_fused_nM5050_theta_emb_native","scratch\sophie\stats\bench_champs\fused\nM5050_theta.pt","","FGResQ(sv2)","2026-10-02T23:11:55","OUR ckpt (OFT on dinov3_vitb16, scalar readout). Input class=NATIVE resolution (FR-benchmark class; no crop, no resize -- directive 2026-10-02). Scorer: one forward per UNIQUE image (6,454), distances from cached embeddings; equivalence gate spearman=1.000000, max|d|=3.0e-07 (n=44) -> PASS. Protocol: pyiqa-bench meta_info pair lists + labels, uint8 container in VRAM, batch 24; PLCC after the 4-parameter logistic fit. CAVEAT: trained for restoration-quality preference (FGResQ/DiffIQA), not general distortion similarity; DiffIQA is not one of these four datasets, so these numbers are leak-clean.","0.8256","0.9379","0.7819","0.7364","0.9173","0.7392","0.7450","0.7863","0.5952","0.7248","0.7855","0.5914"
"ours_20261002-202332-rotasim-mix444-blk32-qkv-seed1234_step000300_emb_native","runs\20261002-202332-rotasim-mix444-blk32-qkv-seed1234\ckpt\step000300.pt","300","FGResQ(sv2)","2026-10-02T23:36:02","OUR ckpt (OFT on dinov3_vitb16, scalar readout). Input class=NATIVE resolution (FR-benchmark class; no crop, no resize -- directive 2026-10-02). Scorer: one forward per UNIQUE image (6,454), distances from cached embeddings; equivalence gate spearman=1.000000, max|d|=6.0e-07 (n=44) -> PASS. Protocol: pyiqa-bench meta_info pair lists + labels, uint8 container in VRAM, batch 24; PLCC after the 4-parameter logistic fit. CAVEAT: trained for restoration-quality preference (FGResQ/DiffIQA), not general distortion similarity; DiffIQA is not one of these four datasets, so these numbers are leak-clean.","0.7494","0.7621","0.5754","0.6792","0.8274","0.6287","0.6911","0.6704","0.4956","0.6669","0.6382","0.4663"
"ours_fused_A3way_equal_emb_native","scratch\sophie\stats\bench_champs\fused\A3way_equal.pt","","FGResQ(sv2)","2026-10-02T23:38:21","OUR ckpt (OFT on dinov3_vitb16, scalar readout). Input class=NATIVE resolution (FR-benchmark class; no crop, no resize -- directive 2026-10-02). Scorer: one forward per UNIQUE image (6,454), distances from cached embeddings; equivalence gate spearman=1.000000, max|d|=3.0e-06 (n=44) -> PASS. Protocol: pyiqa-bench meta_info pair lists + labels, uint8 container in VRAM, batch 24; PLCC after the 4-parameter logistic fit. CAVEAT: trained for restoration-quality preference (FGResQ/DiffIQA), not general distortion similarity; DiffIQA is not one of these four datasets, so these numbers are leak-clean.","0.7736","0.9002","0.7280","0.7303","0.8998","0.7154","0.4443","0.6428","0.4746","0.5015","0.6604","0.4855"
"ours_fused_A3way_n50_emb_native","scratch\sophie\stats\bench_champs\fused\A3way_n50.pt","","FGResQ(sv2)","2026-10-02T23:39:34","OUR ckpt (OFT on dinov3_vitb16, scalar readout). Input class=NATIVE resolution (FR-benchmark class; no crop, no resize -- directive 2026-10-02). Scorer: one forward per UNIQUE image (6,454), distances from cached embeddings; equivalence gate spearman=1.000000, max|d|=3.0e-07 (n=44) -> PASS. Protocol: pyiqa-bench meta_info pair lists + labels, uint8 container in VRAM, batch 24; PLCC after the 4-parameter logistic fit. CAVEAT: trained for restoration-quality preference (FGResQ/DiffIQA), not general distortion similarity; DiffIQA is not one of these four datasets, so these numbers are leak-clean.","0.8260","0.9380","0.7823","0.7366","0.9172","0.7390","0.7454","0.7866","0.5955","0.7253","0.7855","0.5913"
"ours_fused_nK_projR_emb_native","scratch\sophie\stats\bench_champs\fused\nK_projR.pt","","FGResQ(sv2)","2026-10-02T23:37:14","OUR ckpt (OFT on dinov3_vitb16, scalar readout). Input class=NATIVE resolution (FR-benchmark class; no crop, no resize -- directive 2026-10-02). Scorer: one forward per UNIQUE image (6,454), distances from cached embeddings; equivalence gate spearman=1.000000, max|d|=5.4e-07 (n=44) -> PASS. Protocol: pyiqa-bench meta_info pair lists + labels, uint8 container in VRAM, batch 24; PLCC after the 4-parameter logistic fit. CAVEAT: trained for restoration-quality preference (FGResQ/DiffIQA), not general distortion similarity; DiffIQA is not one of these four datasets, so these numbers are leak-clean.","0.7816","0.8318","0.6449","0.7026","0.8704","0.6736","0.7067","0.7014","0.5226","0.6824","0.6817","0.5027"
"ours_fused_K_rms010_emb_native","scratch\sophie\stats\bench_champs\fused\K_rms010.pt","","FGResQ(sv2)","2026-10-02T23:49:22","OUR ckpt (OFT on dinov3_vitb16, scalar readout). Input class=NATIVE resolution (FR-benchmark class; no crop, no resize -- directive 2026-10-02). Scorer: one forward per UNIQUE image (6,454), distances from cached embeddings; equivalence gate spearman=1.000000, max|d|=1.0e-05 (n=44) -> PASS. Protocol: pyiqa-bench meta_info pair lists + labels, uint8 container in VRAM, batch 24; PLCC after the 4-parameter logistic fit. CAVEAT: trained for restoration-quality preference (FGResQ/DiffIQA), not general distortion similarity; DiffIQA is not one of these four datasets, so these numbers are leak-clean.","0.5484","0.7436","0.5420","0.4786","0.6236","0.4379","0.3641","0.3987","0.2719","0.4762","0.5175","0.3576"
"ours_fused_K_rms025_emb_native","scratch\sophie\stats\bench_champs\fused\K_rms025.pt","","FGResQ(sv2)","2026-10-02T23:50:42","OUR ckpt (OFT on dinov3_vitb16, scalar readout). Input class=NATIVE resolution (FR-benchmark class; no crop, no resize -- directive 2026-10-02). Scorer: one forward per UNIQUE image (6,454), distances from cached embeddings; equivalence gate spearman=1.000000, max|d|=5.8e-06 (n=44) -> PASS. Protocol: pyiqa-bench meta_info pair lists + labels, uint8 container in VRAM, batch 24; PLCC after the 4-parameter logistic fit. CAVEAT: trained for restoration-quality preference (FGResQ/DiffIQA), not general distortion similarity; DiffIQA is not one of these four datasets, so these numbers are leak-clean.","0.6384","0.8355","0.6372","0.5402","0.7510","0.5454","0.4393","0.4958","0.3458","0.5324","0.6049","0.4297"
"ours_fused_K_rms0444_emb_native","scratch\sophie\stats\bench_champs\fused\K_rms0444.pt","","FGResQ(sv2)","2026-10-02T23:52:01","OUR ckpt (OFT on dinov3_vitb16, scalar readout). Input class=NATIVE resolution (FR-benchmark class; no crop, no resize -- directive 2026-10-02). Scorer: one forward per UNIQUE image (6,454), distances from cached embeddings; equivalence gate spearman=1.000000, max|d|=1.8e-07 (n=44) -> PASS. Protocol: pyiqa-bench meta_info pair lists + labels, uint8 container in VRAM, batch 24; PLCC after the 4-parameter logistic fit. CAVEAT: trained for restoration-quality preference (FGResQ/DiffIQA), not general distortion similarity; DiffIQA is not one of these four datasets, so these numbers are leak-clean.","0.2977","0.7436","0.5368","0.3294","0.6601","0.4683","0.2575","0.4673","0.3225","0.3070","0.5831","0.4081"
"ours_fused_N_nights_rms010_emb_native","scratch\sophie\stats\bench_champs\fused\N_nights_rms010.pt","","FGResQ(sv2)","2026-10-02T23:45:08","OUR ckpt (OFT on dinov3_vitb16, scalar readout). Input class=NATIVE resolution (FR-benchmark class; no crop, no resize -- directive 2026-10-02). Scorer: one forward per UNIQUE image (6,454), distances from cached embeddings; equivalence gate spearman=1.000000, max|d|=2.4e-07 (n=44) -> PASS. Protocol: pyiqa-bench meta_info pair lists + labels, uint8 container in VRAM, batch 24; PLCC after the 4-parameter logistic fit. CAVEAT: trained for restoration-quality preference (FGResQ/DiffIQA), not general distortion similarity; DiffIQA is not one of these four datasets, so these numbers are leak-clean.","0.7897","0.8756","0.6911","0.7054","0.8885","0.6950","0.7035","0.7221","0.5387","0.6789","0.7067","0.5224"
"ours_fused_N_nights_rms0444_emb_native","scratch\sophie\stats\bench_champs\fused\N_nights_rms0444.pt","","FGResQ(sv2)","2026-10-02T23:43:48","OUR ckpt (OFT on dinov3_vitb16, scalar readout). Input class=NATIVE resolution (FR-benchmark class; no crop, no resize -- directive 2026-10-02). Scorer: one forward per UNIQUE image (6,454), distances from cached embeddings; equivalence gate spearman=1.000000, max|d|=2.4e-07 (n=44) -> PASS. Protocol: pyiqa-bench meta_info pair lists + labels, uint8 container in VRAM, batch 24; PLCC after the 4-parameter logistic fit. CAVEAT: trained for restoration-quality preference (FGResQ/DiffIQA), not general distortion similarity; DiffIQA is not one of these four datasets, so these numbers are leak-clean.","0.8278","0.9405","0.7800","0.7515","0.9201","0.7465","0.7714","0.8116","0.6193","0.7652","0.8242","0.6278"
"ours_fused_N_nK5050_rms010_emb_native","scratch\sophie\stats\bench_champs\fused\N_nK5050_rms010.pt","","FGResQ(sv2)","2026-10-02T23:47:45","OUR ckpt (OFT on dinov3_vitb16, scalar readout). Input class=NATIVE resolution (FR-benchmark class; no crop, no resize -- directive 2026-10-02). Scorer: one forward per UNIQUE image (6,454), distances from cached embeddings; equivalence gate spearman=1.000000, max|d|=2.8e-06 (n=44) -> PASS. Protocol: pyiqa-bench meta_info pair lists + labels, uint8 container in VRAM, batch 24; PLCC after the 4-parameter logistic fit. CAVEAT: trained for restoration-quality preference (FGResQ/DiffIQA), not general distortion similarity; DiffIQA is not one of these four datasets, so these numbers are leak-clean.","0.6962","0.7811","0.5714","0.6699","0.7217","0.5198","0.4431","0.4494","0.3088","0.5483","0.5454","0.3800"
"ours_fused_N_nK5050_rms0444_emb_native","scratch\sophie\stats\bench_champs\fused\N_nK5050_rms0444.pt","","FGResQ(sv2)","2026-10-02T23:46:26","OUR ckpt (OFT on dinov3_vitb16, scalar readout). Input class=NATIVE resolution (FR-benchmark class; no crop, no resize -- directive 2026-10-02). Scorer: one forward per UNIQUE image (6,454), distances from cached embeddings; equivalence gate spearman=1.000000, max|d|=2.4e-07 (n=44) -> PASS. Protocol: pyiqa-bench meta_info pair lists + labels, uint8 container in VRAM, batch 24; PLCC after the 4-parameter logistic fit. CAVEAT: trained for restoration-quality preference (FGResQ/DiffIQA), not general distortion similarity; DiffIQA is not one of these four datasets, so these numbers are leak-clean.","0.7162","0.8776","0.6863","0.6493","0.8241","0.6209","0.5287","0.5902","0.4169","0.6345","0.6908","0.5014"
"ours_20261003-003915-rotasim-kadid60-native512x384-blk32-qkv-bcprobit-seed1234_step000150_emb_native","runs\20261003-003915-rotasim-kadid60-native512x384-blk32-qkv-bcprobit-seed1234\ckpt\step000150.pt","150","KADID-10K","2026-10-03T00:49:33","OUR ckpt (OFT on dinov3_vitb16, scalar readout). Input class=NATIVE resolution (FR-benchmark class; no crop, no resize -- directive 2026-10-02). Scorer: one forward per UNIQUE image (6,454), distances from cached embeddings; equivalence gate spearman=1.000000, max|d|=4.2e-07 (n=44) -> PASS. Protocol: pyiqa-bench meta_info pair lists + labels, uint8 container in VRAM, batch 24; PLCC after the 4-parameter logistic fit. CAVEAT: trained for restoration-quality preference (FGResQ/DiffIQA), not general distortion similarity; DiffIQA is not one of these four datasets, so these numbers are leak-clean.","0.7623","0.7774","0.5900","0.6928","0.8347","0.6368","0.7015","0.6810","0.5049","0.6766","0.6491","0.4756"
"ours_20261002-181850-rotasim-kadid60-native512x384-blk32-qkv-seed1234_step000150_emb_native","runs\20261002-181850-rotasim-kadid60-native512x384-blk32-qkv-seed1234\ckpt\step000150.pt","150","KADID-10K","2026-10-03T00:53:01","OUR ckpt (OFT on dinov3_vitb16, scalar readout). Input class=NATIVE resolution (FR-benchmark class; no crop, no resize -- directive 2026-10-02). Scorer: one forward per UNIQUE image (6,454), distances from cached embeddings; equivalence gate spearman=1.000000, max|d|=1.6e-06 (n=44) -> PASS. Protocol: pyiqa-bench meta_info pair lists + labels, uint8 container in VRAM, batch 24; PLCC after the 4-parameter logistic fit. CAVEAT: trained for restoration-quality preference (FGResQ/DiffIQA), not general distortion similarity; DiffIQA is not one of these four datasets, so these numbers are leak-clean.","0.7679","0.8104","0.6204","0.6982","0.8448","0.6464","0.7040","0.6918","0.5138","0.6795","0.6574","0.4818"
"ours_20261003-005921-rotasim-fg60-sv2-blk32-qkv-seed1234_step000150_emb_native","runs\20261003-005921-rotasim-fg60-sv2-blk32-qkv-seed1234\ckpt\step000150.pt","150","FGResQ(sv2)","2026-10-03T01:05:17","OUR ckpt (OFT on dinov3_vitb16, scalar readout). Input class=NATIVE resolution (FR-benchmark class; no crop, no resize -- directive 2026-10-02). Scorer: one forward per UNIQUE image (6,454), distances from cached embeddings; equivalence gate spearman=1.000000, max|d|=6.6e-07 (n=44) -> PASS. Protocol: pyiqa-bench meta_info pair lists + labels, uint8 container in VRAM, batch 24; PLCC after the 4-parameter logistic fit. CAVEAT: trained for restoration-quality preference (FGResQ/DiffIQA), not general distortion similarity; DiffIQA is not one of these four datasets, so these numbers are leak-clean.","0.7505","0.7655","0.5795","0.6786","0.8342","0.6364","0.6925","0.6798","0.5035","0.6657","0.6473","0.4736"
"ours_fused-fg-kadid_fg60-kadid60-150-projR_emb_native","runs\fused-fg-kadid\fg60-kadid60-150-projR.pt","","KADID-10K","2026-10-03T01:08:19","OUR ckpt (OFT on dinov3_vitb16, scalar readout). Input class=NATIVE resolution (FR-benchmark class; no crop, no resize -- directive 2026-10-02). Scorer: one forward per UNIQUE image (6,454), distances from cached embeddings; equivalence gate spearman=1.000000, max|d|=4.8e-07 (n=44) -> PASS. Protocol: pyiqa-bench meta_info pair lists + labels, uint8 container in VRAM, batch 24; PLCC after the 4-parameter logistic fit. CAVEAT: trained for restoration-quality preference (FGResQ/DiffIQA), not general distortion similarity; DiffIQA is not one of these four datasets, so these numbers are leak-clean.","0.7560","0.7730","0.5862","0.6878","0.8414","0.6433","0.6979","0.6820","0.5056","0.6714","0.6495","0.4757"
"ours_fused-fg-kadid_fg60-kadid60-150-slerp_emb_native","runs\fused-fg-kadid\fg60-kadid60-150-slerp.pt","","KADID-10K","2026-10-03T01:09:31","OUR ckpt (OFT on dinov3_vitb16, scalar readout). Input class=NATIVE resolution (FR-benchmark class; no crop, no resize -- directive 2026-10-02). Scorer: one forward per UNIQUE image (6,454), distances from cached embeddings; equivalence gate spearman=1.000000, max|d|=2.4e-06 (n=44) -> PASS. Protocol: pyiqa-bench meta_info pair lists + labels, uint8 container in VRAM, batch 24; PLCC after the 4-parameter logistic fit. CAVEAT: trained for restoration-quality preference (FGResQ/DiffIQA), not general distortion similarity; DiffIQA is not one of these four datasets, so these numbers are leak-clean.","0.7560","0.7730","0.5862","0.6878","0.8414","0.6433","0.6979","0.6820","0.5056","0.6714","0.6495","0.4757"
"ours_fused-fg-kadid_fg60-kadid60-150-theta_emb_native","runs\fused-fg-kadid\fg60-kadid60-150-theta.pt","","KADID-10K","2026-10-03T01:07:06","OUR ckpt (OFT on dinov3_vitb16, scalar readout). Input class=NATIVE resolution (FR-benchmark class; no crop, no resize -- directive 2026-10-02). Scorer: one forward per UNIQUE image (6,454), distances from cached embeddings; equivalence gate spearman=1.000000, max|d|=8.3e-07 (n=44) -> PASS. Protocol: pyiqa-bench meta_info pair lists + labels, uint8 container in VRAM, batch 24; PLCC after the 4-parameter logistic fit. CAVEAT: trained for restoration-quality preference (FGResQ/DiffIQA), not general distortion similarity; DiffIQA is not one of these four datasets, so these numbers are leak-clean.","0.7560","0.7730","0.5862","0.6878","0.8414","0.6433","0.6979","0.6820","0.5056","0.6714","0.6495","0.4757"
"ours_20261002-181850-rotasim-kadid60-native512x384-blk32-qkv-seed1234_step000200_emb_native","runs\20261002-181850-rotasim-kadid60-native512x384-blk32-qkv-seed1234\ckpt\step000200.pt","200","KADID-10K","2026-10-03T01:13:03","OUR ckpt (OFT on dinov3_vitb16, scalar readout). Input class=NATIVE resolution (FR-benchmark class; no crop, no resize -- directive 2026-10-02). Scorer: one forward per UNIQUE image (6,454), distances from cached embeddings; equivalence gate spearman=1.000000, max|d|=3.1e-06 (n=44) -> PASS. Protocol: pyiqa-bench meta_info pair lists + labels, uint8 container in VRAM, batch 24; PLCC after the 4-parameter logistic fit. CAVEAT: trained for restoration-quality preference (FGResQ/DiffIQA), not general distortion similarity; DiffIQA is not one of these four datasets, so these numbers are leak-clean.","0.7792","0.8289","0.6396","0.7077","0.8588","0.6600","0.7048","0.6935","0.5154","0.6827","0.6588","0.4824"
"ours_20261002-181850-rotasim-kadid60-native512x384-blk32-qkv-seed1234_step000300_emb_native","runs\20261002-181850-rotasim-kadid60-native512x384-blk32-qkv-seed1234\ckpt\step000300.pt","300","KADID-10K","2026-10-03T01:14:13","OUR ckpt (OFT on dinov3_vitb16, scalar readout). Input class=NATIVE resolution (FR-benchmark class; no crop, no resize -- directive 2026-10-02). Scorer: one forward per UNIQUE image (6,454), distances from cached embeddings; equivalence gate spearman=1.000000, max|d|=2.1e-06 (n=44) -> PASS. Protocol: pyiqa-bench meta_info pair lists + labels, uint8 container in VRAM, batch 24; PLCC after the 4-parameter logistic fit. CAVEAT: trained for restoration-quality preference (FGResQ/DiffIQA), not general distortion similarity; DiffIQA is not one of these four datasets, so these numbers are leak-clean.","0.7869","0.8306","0.6412","0.7159","0.8624","0.6638","0.7073","0.6886","0.5107","0.6880","0.6548","0.4787"
"ours_20261002-181850-rotasim-kadid60-native512x384-blk32-qkv-seed1234_step000400_emb_native","runs\20261002-181850-rotasim-kadid60-native512x384-blk32-qkv-seed1234\ckpt\step000400.pt","400","KADID-10K","2026-10-03T01:24:19","OUR ckpt (OFT on dinov3_vitb16, scalar readout). Input class=NATIVE resolution (FR-benchmark class; no crop, no resize -- directive 2026-10-02). Scorer: one forward per UNIQUE image (6,454), distances from cached embeddings; equivalence gate spearman=1.000000, max|d|=2.7e-06 (n=44) -> PASS. Protocol: pyiqa-bench meta_info pair lists + labels, uint8 container in VRAM, batch 24; PLCC after the 4-parameter logistic fit. CAVEAT: trained for restoration-quality preference (FGResQ/DiffIQA), not general distortion similarity; DiffIQA is not one of these four datasets, so these numbers are leak-clean.","0.7864","0.8222","0.6336","0.7137","0.8545","0.6549","0.7119","0.6923","0.5145","0.6911","0.6583","0.4822"
"ours_20261002-181850-rotasim-kadid60-native512x384-blk32-qkv-seed1234_step000450_emb_native","runs\20261002-181850-rotasim-kadid60-native512x384-blk32-qkv-seed1234\ckpt\step000450.pt","450","KADID-10K","2026-10-03T01:25:30","OUR ckpt (OFT on dinov3_vitb16, scalar readout). Input class=NATIVE resolution (FR-benchmark class; no crop, no resize -- directive 2026-10-02). Scorer: one forward per UNIQUE image (6,454), distances from cached embeddings; equivalence gate spearman=1.000000, max|d|=1.6e-06 (n=44) -> PASS. Protocol: pyiqa-bench meta_info pair lists + labels, uint8 container in VRAM, batch 24; PLCC after the 4-parameter logistic fit. CAVEAT: trained for restoration-quality preference (FGResQ/DiffIQA), not general distortion similarity; DiffIQA is not one of these four datasets, so these numbers are leak-clean.","0.7831","0.8147","0.6263","0.7098","0.8457","0.6456","0.7141","0.6913","0.5134","0.6925","0.6574","0.4816"
